,log_dir,frame_per_second,episode_reward,total_steps,total_episodes,total_time,target_q,actor_loss,critic_loss,success_rate
0,MetaDrive-Tut-50Env-v0,333,8.461834025885372,1910,2,5.7329137325286865,,,,0.0
1,MetaDrive-Tut-50Env-v0,338,9.277880762000198,2911,3,8.602537155151367,,,,0.0
2,MetaDrive-Tut-50Env-v0,327,9.16102066648493,3912,4,11.949151992797852,,,,0.0
3,MetaDrive-Tut-50Env-v0,328,7.694379177658827,4559,5,13.872113704681396,,,,0.0
4,MetaDrive-Tut-50Env-v0,324,8.489176865965074,5560,6,17.117329359054565,,,,0.0
5,MetaDrive-Tut-50Env-v0,317,8.727508260787404,6561,7,20.64191508293152,,,,0.0
6,MetaDrive-Tut-50Env-v0,306,9.28102833915417,7562,8,24.66562271118164,,,,0.0
7,MetaDrive-Tut-50Env-v0,308,9.381947429430758,8563,9,27.75141477584839,,,,0.0
8,MetaDrive-Tut-50Env-v0,296,9.5713760171008,9564,10,32.25496816635132,,,,0.0
