,log_dir,frame_per_second,episode_reward,total_steps,total_episodes,total_time,target_q,actor_loss,critic_loss,success_rate
0,MetaDrive-Tut-5Env-v0,333,7.613968116347557,1524,2,4.575551271438599,,,,0.0
1,MetaDrive-Tut-5Env-v0,290,8.362702457372828,2525,3,8.68119764328003,,,,0.0
2,MetaDrive-Tut-5Env-v0,320,9.03386995363192,3526,4,11.014869213104248,,,,0.0
3,MetaDrive-Tut-5Env-v0,335,9.342705583080775,4527,5,13.50511622428894,,,,0.0
4,MetaDrive-Tut-5Env-v0,353,9.840711551206718,5528,6,15.64313006401062,,,,0.0
5,MetaDrive-Tut-5Env-v0,321,10.068551585166007,6529,7,20.29063129425049,,,,0.0
6,MetaDrive-Tut-5Env-v0,329,9.769286057283967,7388,8,22.45248532295227,,,,0.0
7,MetaDrive-Tut-5Env-v0,331,9.60734576325598,8389,9,25.301226139068604,,,,0.0
8,MetaDrive-Tut-5Env-v0,336,9.754277569031137,9390,10,27.86573600769043,,,,0.0
