,log_dir,frame_per_second,episode_reward,total_steps,total_episodes,total_time,target_q,actor_loss,critic_loss,success_rate
0,MetaDrive-Tut-20Env-v0,350,12.055687495287387,2001,2,5.704839468002319,,,,0.0
1,MetaDrive-Tut-20Env-v0,347,11.93196972922206,3002,3,8.629555702209473,,,,0.0
2,MetaDrive-Tut-20Env-v0,390,10.020924002771054,4836,5,12.3685781955719,,,,0.0
3,MetaDrive-Tut-20Env-v0,344,10.397454192199442,5837,6,16.921456575393677,,,,0.0
4,MetaDrive-Tut-20Env-v0,355,10.706842409979672,6838,7,19.239709615707397,,,,0.0
5,MetaDrive-Tut-20Env-v0,359,9.760444848556206,7475,8,20.78399896621704,,,,0.0
6,MetaDrive-Tut-20Env-v0,367,9.553292691835555,8476,9,23.086134672164917,,,,0.0
7,MetaDrive-Tut-20Env-v0,373,9.766137844441394,9477,10,25.349313497543335,,,,0.0
