,log_dir,frame_per_second,episode_reward,total_steps,total_episodes,total_time,target_q,actor_loss,critic_loss,success_rate
0,MetaDrive-Tut-10Env-v0,435,7.679093504751953,1591,2,3.6569249629974365,,,,0.0
1,MetaDrive-Tut-10Env-v0,431,8.302281750256492,2592,3,6.006314754486084,,,,0.0
2,MetaDrive-Tut-10Env-v0,420,9.127449940555117,3593,4,8.534685850143433,,,,0.0
3,MetaDrive-Tut-10Env-v0,381,9.394118603553473,4594,5,12.053869009017944,,,,0.0
4,MetaDrive-Tut-10Env-v0,385,9.985973070617822,5595,6,14.503162384033203,,,,0.0
5,MetaDrive-Tut-10Env-v0,387,10.092813655113648,6596,7,17.015333652496338,,,,0.0
6,MetaDrive-Tut-10Env-v0,359,10.479387711022998,7597,8,21.142672300338745,,,,0.0
7,MetaDrive-Tut-10Env-v0,361,9.419546896529745,8320,9,23.012864112854004,,,,0.0
8,MetaDrive-Tut-10Env-v0,361,9.519533921544118,9321,10,25.802483081817627,,,,0.0
