,log_dir,frame_per_second,episode_reward,total_steps,total_episodes,total_time,target_q,actor_loss,critic_loss,success_rate
0,MetaDrive-Tut-100Env-v0,268,11.403664921932982,2001,2,7.465426206588745,,,,0.0
1,MetaDrive-Tut-100Env-v0,274,11.496821239051235,3002,3,10.923159122467041,,,,0.0
2,MetaDrive-Tut-100Env-v0,301,10.86869369267689,4003,4,13.282467603683472,,,,0.0
3,MetaDrive-Tut-100Env-v0,320,11.388508217641846,5004,5,15.608587980270386,,,,0.0
4,MetaDrive-Tut-100Env-v0,340,11.353227409942107,6005,6,17.62725567817688,,,,0.0
5,MetaDrive-Tut-100Env-v0,338,11.664595408501677,7006,7,20.677058696746826,,,,0.0
6,MetaDrive-Tut-100Env-v0,339,11.325523020750651,8007,8,23.57981038093567,,,,0.0
7,MetaDrive-Tut-100Env-v0,332,9.993957999524662,9372,10,28.183711051940918,,,,0.0
